StudyInstanceUID,patient_overall,C1,C2,C3,C4,C5,C6,C7
1.2.826.0.1.3680043.22327,0,0,0,0,0,0,0,0
1.2.826.0.1.3680043.25399,0,0,0,0,0,0,0,0
1.2.826.0.1.3680043.5876,0,0,0,0,0,0,0,0
