StudyInstanceUID,patient_overall,C1,C2,C3,C4,C5,C6,C7
1.2.826.0.1.3680043.22327,0.4948858618736267,0.03217704966664314,0.0647650808095932,0.041566163301467896,0.07976442575454712,0.10120385885238647,0.11234495043754578,0.20693954825401306
1.2.826.0.1.3680043.25399,0.47703254222869873,0.07394803315401077,0.0741528645157814,0.06334570050239563,0.06271698325872421,0.0733543187379837,0.13897795975208282,0.12919291853904724
1.2.826.0.1.3680043.5876,0.34954309463500977,0.055732712149620056,0.07361273467540741,0.012200547382235527,0.025163276121020317,0.038482677191495895,0.06025836616754532,0.14539626240730286
